Address,Latitude,Longitude
"7361 Calhoun Plaza,  Rockville, MD 20850",39.108593,-77.151413
"19801 Bealsville Road, Bealsville, MD 20839",39.18012,-77.411689
"8540 Anniversary Drive, Gaithersburg, MD 20877",39.128437,-77.176747
"8630 Fenton Street, 10th floor, Silver Spring, MD",38.9978,-77.028504
"1400 Spring St suite 305, Silver Spring, MD 20910",38.998277,-77.033385
"19300 Georgia Avenue, Brookville,  MD 20833",39.173028,-77.059161
"3300 Briggs Chaney Road, Silver Spring, MD 20904",39.078652,-76.943824
"14715 Good Hope Road, Silver Spring, MD 20905",39.09623,-76.984972
"13900 Old Columbia Pike, Silver Spring, MD 20904",39.08508,-76.951411
"14910 Old Comumbia Pike, Burtonsville, MD 20866",39.105644,-76.935861
"18905 Kingsview Drive, Germantown, MD, 20874",39.165153,-77.285467
"4407 Aspen Hill Road, Rockville, MD",39.079657,-77.088606
"14335 Cape May Road, Silver Spring, MD 20904",39.090311,-76.996699