,Address
0,"11701 New Hampshire Avenue, Silver Spring, MD 20903"
3,"51 Monroe Street, Rockville, MD 20850"
6,"8700 Piney Branch Rd., Silver Spring, MD"
11,"27 Court House Square, Rockville, MD"
12,"50 Maryland Avenue, Rockville, MD"
14,"14906 Old Columbia Pike, Burtonsville, MD"
18,"9701 Main Street Damascus, MD"
20,"1201 Jackson Rd., Silver Spring, MD"
21,"29 Court House Square, Rockville, MD"
22,"18753 North Frederick Avenue, Gaithersburg, MD"
25,"50 Maryland Avenue, Rockville, MD"
27,"14015 New Hampshire Avenue,Â Silver Spring, MD 20904"
37,"4301 Willow Lane, Chevy Chase, MD"
42,"100 Maryland Avenue, 3rd Floor, Rockville MD"
69,"13216 New Hampshire Avenue, Silver Spring, MD"
71,"15620 Old Columbia Pike, Burtonsville, MD 20866"
76,"1700 April Lane, Silver Spring, Md"
80,"11239 New Hampshire Avenue, Silver Spring, MD 20904"
92,"1002 Milestone Dr, White Oak, MD 20904"
100,"10617 New Hampshire Ave., Silver Spring, MD 20903"
103,"723 Cloverly Avenue, Silver Spring , MD 20905"
107,401 Hungford Dr.
130,"3300 Briggs Chaney Road, Silver Spring, MD 20904"
131,"14715 Good Hope Road, Silver Spring, MD 20905"
133,"13900 Old Columbia Pike, Silver Spring, MD 20904"
138,"8005 Connecticut Avenue, Chevy Chase, MD"
140,"191 East Jefferson, Rockville, MD, 20850"
142,"14910 Old Comumbia Pike, Burtonsville, MD 20866"
144,"8001 River Road, Bethesda, MD"
145,"4010 Randolph Road, Silver Spring. MD"
153,"18529 Brooke Road,  Sandy Spring, Md"
154,"1000 Forest Glen Rd., Silver Spring, Md"
156,"8800 Garland Avenue, Silver Spring, MD"
159,"8712 Brookville Road, Silver Spring, MD"
160,"9404 Falls Road, Potomac, MD 20854"
161,"100 Maryland Avenue, Rockville, MD"
163,"3310 Gateshead  Manor Way, MD"
172,"2004 Queensguard Drive, Wheaton, MD"
173,"1451 Seven Locks Road, Rockville, MD"
176,"14335 Cape May Road, Silver Spring, MD 20904"
